,x,y,name,1128,1307,1131,1070,1107,1139,1145,1092,1140,1138,1129,1122,1399,1311,1200,1692,1105,1103,1433,1121,1137,1309,1658,1654,1134,1054,1308,1167,1507,1651,1117,1383,1414,1360,1106,1132,1404,1259,1344,1642,1412,1244,1403
0,1469,,/Users/akshitshishodia/tracker/roboDK /pred/0.png,y,,,,,,,,,,,,,,,,,,,,,,,,,,,,,,,,,,,,,,,,,,
1,1469,,/Users/akshitshishodia/tracker/roboDK /pred/1.png,,y,,,,,,,,,,,,,,,,,,,,,,,,,,,,,,,,,,,,,,,,,
2,1472,,/Users/akshitshishodia/tracker/roboDK /pred/2.png,,,y,,,,,,,,,,,,,,,,,,,,,,,,,,,,,,,,,,,,,,,,
3,1469,,/Users/akshitshishodia/tracker/roboDK /pred/3.png,y,,,,,,,,,,,,,,,,,,,,,,,,,,,,,,,,,,,,,,,,,,
4,1477,,/Users/akshitshishodia/tracker/roboDK /pred/4.png,,,,y,,,,,,,,,,,,,,,,,,,,,,,,,,,,,,,,,,,,,,,
5,1488,,/Users/akshitshishodia/tracker/roboDK /pred/5.png,,,,,y,,,,,,,,,,,,,,,,,,,,,,,,,,,,,,,,,,,,,,
6,1477,,/Users/akshitshishodia/tracker/roboDK /pred/6.png,,,,,,y,,,,,,,,,,,,,,,,,,,,,,,,,,,,,,,,,,,,,
7,1472,,/Users/akshitshishodia/tracker/roboDK /pred/7.png,,,y,,,,,,,,,,,,,,,,,,,,,,,,,,,,,,,,,,,,,,,,
8,1472,,/Users/akshitshishodia/tracker/roboDK /pred/8.png,,,y,,,,,,,,,,,,,,,,,,,,,,,,,,,,,,,,,,,,,,,,
9,1472,,/Users/akshitshishodia/tracker/roboDK /pred/9.png,,,y,,,,,,,,,,,,,,,,,,,,,,,,,,,,,,,,,,,,,,,,
10,1472,,/Users/akshitshishodia/tracker/roboDK /pred/10.png,,,y,,,,,,,,,,,,,,,,,,,,,,,,,,,,,,,,,,,,,,,,
11,1477,,/Users/akshitshishodia/tracker/roboDK /pred/11.png,,,,,,y,,,,,,,,,,,,,,,,,,,,,,,,,,,,,,,,,,,,,
12,1488,,/Users/akshitshishodia/tracker/roboDK /pred/12.png,,,,,y,,,,,,,,,,,,,,,,,,,,,,,,,,,,,,,,,,,,,,
13,1469,,/Users/akshitshishodia/tracker/roboDK /pred/13.png,y,,,,,,,,,,,,,,,,,,,,,,,,,,,,,,,,,,,,,,,,,,
14,1477,,/Users/akshitshishodia/tracker/roboDK /pred/14.png,,,,y,,,,,,,,,,,,,,,,,,,,,,,,,,,,,,,,,,,,,,,
15,1472,,/Users/akshitshishodia/tracker/roboDK /pred/15.png,,,y,,,,,,,,,,,,,,,,,,,,,,,,,,,,,,,,,,,,,,,,
16,1469,,/Users/akshitshishodia/tracker/roboDK /pred/16.png,y,,,,,,,,,,,,,,,,,,,,,,,,,,,,,,,,,,,,,,,,,,
17,1469,,/Users/akshitshishodia/tracker/roboDK /pred/17.png,,y,,,,,,,,,,,,,,,,,,,,,,,,,,,,,,,,,,,,,,,,,
18,1472,,/Users/akshitshishodia/tracker/roboDK /pred/18.png,,,y,,,,,,,,,,,,,,,,,,,,,,,,,,,,,,,,,,,,,,,,
19,1472,,/Users/akshitshishodia/tracker/roboDK /pred/19.png,,,y,,,,,,,,,,,,,,,,,,,,,,,,,,,,,,,,,,,,,,,,
20,1469,,/Users/akshitshishodia/tracker/roboDK /pred/20.png,y,,,,,,,,,,,,,,,,,,,,,,,,,,,,,,,,,,,,,,,,,,
21,1488,,/Users/akshitshishodia/tracker/roboDK /pred/21.png,,,,,y,,,,,,,,,,,,,,,,,,,,,,,,,,,,,,,,,,,,,,
22,1488,,/Users/akshitshishodia/tracker/roboDK /pred/22.png,,,,,y,,,,,,,,,,,,,,,,,,,,,,,,,,,,,,,,,,,,,,
23,1452,,/Users/akshitshishodia/tracker/roboDK /pred/23.png,,,,,,,y,,,,,,,,,,,,,,,,,,,,,,,,,,,,,,,,,,,,
24,1477,,/Users/akshitshishodia/tracker/roboDK /pred/24.png,,,,,,y,,,,,,,,,,,,,,,,,,,,,,,,,,,,,,,,,,,,,
25,1498,,/Users/akshitshishodia/tracker/roboDK /pred/25.png,,,,,,,,y,,,,,,,,,,,,,,,,,,,,,,,,,,,,,,,,,,,
26,1472,,/Users/akshitshishodia/tracker/roboDK /pred/26.png,,,y,,,,,,,,,,,,,,,,,,,,,,,,,,,,,,,,,,,,,,,,
27,1476,,/Users/akshitshishodia/tracker/roboDK /pred/27.png,,,,,,,,,y,,,,,,,,,,,,,,,,,,,,,,,,,,,,,,,,,,
28,1452,,/Users/akshitshishodia/tracker/roboDK /pred/28.png,,,,,,,y,,,,,,,,,,,,,,,,,,,,,,,,,,,,,,,,,,,,
29,1477,,/Users/akshitshishodia/tracker/roboDK /pred/29.png,,,,y,,,,,,,,,,,,,,,,,,,,,,,,,,,,,,,,,,,,,,,
30,1488,,/Users/akshitshishodia/tracker/roboDK /pred/30.png,,,,,y,,,,,,,,,,,,,,,,,,,,,,,,,,,,,,,,,,,,,,
31,1469,,/Users/akshitshishodia/tracker/roboDK /pred/31.png,y,,,,,,,,,,,,,,,,,,,,,,,,,,,,,,,,,,,,,,,,,,
32,1472,,/Users/akshitshishodia/tracker/roboDK /pred/32.png,,,y,,,,,,,,,,,,,,,,,,,,,,,,,,,,,,,,,,,,,,,,
33,1477,,/Users/akshitshishodia/tracker/roboDK /pred/33.png,,,,,,,,,,y,,,,,,,,,,,,,,,,,,,,,,,,,,,,,,,,,
34,1472,,/Users/akshitshishodia/tracker/roboDK /pred/34.png,,,y,,,,,,,,,,,,,,,,,,,,,,,,,,,,,,,,,,,,,,,,
35,1469,,/Users/akshitshishodia/tracker/roboDK /pred/35.png,y,,,,,,,,,,,,,,,,,,,,,,,,,,,,,,,,,,,,,,,,,,
36,1472,,/Users/akshitshishodia/tracker/roboDK /pred/36.png,,,y,,,,,,,,,,,,,,,,,,,,,,,,,,,,,,,,,,,,,,,,
37,1488,,/Users/akshitshishodia/tracker/roboDK /pred/37.png,,,,,y,,,,,,,,,,,,,,,,,,,,,,,,,,,,,,,,,,,,,,
38,1488,,/Users/akshitshishodia/tracker/roboDK /pred/38.png,,,,,y,,,,,,,,,,,,,,,,,,,,,,,,,,,,,,,,,,,,,,
39,1488,,/Users/akshitshishodia/tracker/roboDK /pred/39.png,,,,,y,,,,,,,,,,,,,,,,,,,,,,,,,,,,,,,,,,,,,,
40,1472,,/Users/akshitshishodia/tracker/roboDK /pred/40.png,,,y,,,,,,,,,,,,,,,,,,,,,,,,,,,,,,,,,,,,,,,,
41,1472,,/Users/akshitshishodia/tracker/roboDK /pred/41.png,,,y,,,,,,,,,,,,,,,,,,,,,,,,,,,,,,,,,,,,,,,,
42,1472,,/Users/akshitshishodia/tracker/roboDK /pred/42.png,,,y,,,,,,,,,,,,,,,,,,,,,,,,,,,,,,,,,,,,,,,,
43,1472,,/Users/akshitshishodia/tracker/roboDK /pred/43.png,,,y,,,,,,,,,,,,,,,,,,,,,,,,,,,,,,,,,,,,,,,,
44,1488,,/Users/akshitshishodia/tracker/roboDK /pred/44.png,,,,,y,,,,,,,,,,,,,,,,,,,,,,,,,,,,,,,,,,,,,,
45,1488,,/Users/akshitshishodia/tracker/roboDK /pred/45.png,,,,,y,,,,,,,,,,,,,,,,,,,,,,,,,,,,,,,,,,,,,,
46,1488,,/Users/akshitshishodia/tracker/roboDK /pred/46.png,,,,,y,,,,,,,,,,,,,,,,,,,,,,,,,,,,,,,,,,,,,,
47,1472,,/Users/akshitshishodia/tracker/roboDK /pred/47.png,,,y,,,,,,,,,,,,,,,,,,,,,,,,,,,,,,,,,,,,,,,,
48,1469,,/Users/akshitshishodia/tracker/roboDK /pred/48.png,y,,,,,,,,,,,,,,,,,,,,,,,,,,,,,,,,,,,,,,,,,,
49,1472,,/Users/akshitshishodia/tracker/roboDK /pred/49.png,,,y,,,,,,,,,,,,,,,,,,,,,,,,,,,,,,,,,,,,,,,,
50,1469,,/Users/akshitshishodia/tracker/roboDK /pred/50.png,y,,,,,,,,,,,,,,,,,,,,,,,,,,,,,,,,,,,,,,,,,,
51,1472,,/Users/akshitshishodia/tracker/roboDK /pred/51.png,,,y,,,,,,,,,,,,,,,,,,,,,,,,,,,,,,,,,,,,,,,,
52,1477,,/Users/akshitshishodia/tracker/roboDK /pred/52.png,,,,y,,,,,,,,,,,,,,,,,,,,,,,,,,,,,,,,,,,,,,,
53,1488,,/Users/akshitshishodia/tracker/roboDK /pred/53.png,,,,,y,,,,,,,,,,,,,,,,,,,,,,,,,,,,,,,,,,,,,,
54,1488,,/Users/akshitshishodia/tracker/roboDK /pred/54.png,,,,,y,,,,,,,,,,,,,,,,,,,,,,,,,,,,,,,,,,,,,,
55,1472,,/Users/akshitshishodia/tracker/roboDK /pred/55.png,,,y,,,,,,,,,,,,,,,,,,,,,,,,,,,,,,,,,,,,,,,,
56,1488,,/Users/akshitshishodia/tracker/roboDK /pred/56.png,,,,,y,,,,,,,,,,,,,,,,,,,,,,,,,,,,,,,,,,,,,,
57,1472,,/Users/akshitshishodia/tracker/roboDK /pred/57.png,,,y,,,,,,,,,,,,,,,,,,,,,,,,,,,,,,,,,,,,,,,,
58,1472,,/Users/akshitshishodia/tracker/roboDK /pred/58.png,,,y,,,,,,,,,,,,,,,,,,,,,,,,,,,,,,,,,,,,,,,,
59,1470,,/Users/akshitshishodia/tracker/roboDK /pred/59.png,,,,,,,,,,,y,,,,,,,,,,,,,,,,,,,,,,,,,,,,,,,,
60,1470,,/Users/akshitshishodia/tracker/roboDK /pred/60.png,,,,,,,,,,,y,,,,,,,,,,,,,,,,,,,,,,,,,,,,,,,,
61,1472,,/Users/akshitshishodia/tracker/roboDK /pred/61.png,,,y,,,,,,,,,,,,,,,,,,,,,,,,,,,,,,,,,,,,,,,,
62,1472,,/Users/akshitshishodia/tracker/roboDK /pred/62.png,,,y,,,,,,,,,,,,,,,,,,,,,,,,,,,,,,,,,,,,,,,,
63,1472,,/Users/akshitshishodia/tracker/roboDK /pred/63.png,,,y,,,,,,,,,,,,,,,,,,,,,,,,,,,,,,,,,,,,,,,,
64,1488,,/Users/akshitshishodia/tracker/roboDK /pred/64.png,,,,,y,,,,,,,,,,,,,,,,,,,,,,,,,,,,,,,,,,,,,,
65,1488,,/Users/akshitshishodia/tracker/roboDK /pred/65.png,,,,,y,,,,,,,,,,,,,,,,,,,,,,,,,,,,,,,,,,,,,,
66,1488,,/Users/akshitshishodia/tracker/roboDK /pred/66.png,,,,,y,,,,,,,,,,,,,,,,,,,,,,,,,,,,,,,,,,,,,,
67,1472,,/Users/akshitshishodia/tracker/roboDK /pred/67.png,,,y,,,,,,,,,,,,,,,,,,,,,,,,,,,,,,,,,,,,,,,,
68,1477,,/Users/akshitshishodia/tracker/roboDK /pred/68.png,,,,y,,,,,,,,,,,,,,,,,,,,,,,,,,,,,,,,,,,,,,,
69,1469,,/Users/akshitshishodia/tracker/roboDK /pred/69.png,y,,,,,,,,,,,,,,,,,,,,,,,,,,,,,,,,,,,,,,,,,,
70,1472,,/Users/akshitshishodia/tracker/roboDK /pred/70.png,,,y,,,,,,,,,,,,,,,,,,,,,,,,,,,,,,,,,,,,,,,,
71,1472,,/Users/akshitshishodia/tracker/roboDK /pred/71.png,,,y,,,,,,,,,,,,,,,,,,,,,,,,,,,,,,,,,,,,,,,,
72,1477,,/Users/akshitshishodia/tracker/roboDK /pred/72.png,,,,,,,,,,y,,,,,,,,,,,,,,,,,,,,,,,,,,,,,,,,,
73,1472,,/Users/akshitshishodia/tracker/roboDK /pred/73.png,,,y,,,,,,,,,,,,,,,,,,,,,,,,,,,,,,,,,,,,,,,,
74,1488,,/Users/akshitshishodia/tracker/roboDK /pred/74.png,,,,,y,,,,,,,,,,,,,,,,,,,,,,,,,,,,,,,,,,,,,,
75,1472,,/Users/akshitshishodia/tracker/roboDK /pred/75.png,,,,,,,,,,,,y,,,,,,,,,,,,,,,,,,,,,,,,,,,,,,,
76,1452,,/Users/akshitshishodia/tracker/roboDK /pred/76.png,,,,,,,y,,,,,,,,,,,,,,,,,,,,,,,,,,,,,,,,,,,,
77,1477,,/Users/akshitshishodia/tracker/roboDK /pred/77.png,,,,,,,,,,,,,y,,,,,,,,,,,,,,,,,,,,,,,,,,,,,,
78,1470,,/Users/akshitshishodia/tracker/roboDK /pred/78.png,,,,,,,,,,,,,,y,,,,,,,,,,,,,,,,,,,,,,,,,,,,,
79,1472,,/Users/akshitshishodia/tracker/roboDK /pred/79.png,,,y,,,,,,,,,,,,,,,,,,,,,,,,,,,,,,,,,,,,,,,,
80,1419,,/Users/akshitshishodia/tracker/roboDK /pred/80.png,,,,,,,,,,,,,,,y,,,,,,,,,,,,,,,,,,,,,,,,,,,,
81,1470,,/Users/akshitshishodia/tracker/roboDK /pred/81.png,,,,,,,,,,,,,,y,,,,,,,,,,,,,,,,,,,,,,,,,,,,,
82,1364,,/Users/akshitshishodia/tracker/roboDK /pred/82.png,,,,,,,,,,,,,,,,y,,,,,,,,,,,,,,,,,,,,,,,,,,,
83,1452,,/Users/akshitshishodia/tracker/roboDK /pred/83.png,,,,,,,y,,,,,,,,,,,,,,,,,,,,,,,,,,,,,,,,,,,,
84,1472,,/Users/akshitshishodia/tracker/roboDK /pred/84.png,,,,,,,,,,,,,,,,,y,,,,,,,,,,,,,,,,,,,,,,,,,,
85,1497,,/Users/akshitshishodia/tracker/roboDK /pred/85.png,,,,,,,,,,,,,,,,,,y,,,,,,,,,,,,,,,,,,,,,,,,,
86,1472,,/Users/akshitshishodia/tracker/roboDK /pred/86.png,,,y,,,,,,,,,,,,,,,,,,,,,,,,,,,,,,,,,,,,,,,,
87,1477,,/Users/akshitshishodia/tracker/roboDK /pred/87.png,,,,,,,,,,y,,,,,,,,,,,,,,,,,,,,,,,,,,,,,,,,,
88,1472,,/Users/akshitshishodia/tracker/roboDK /pred/88.png,,,y,,,,,,,,,,,,,,,,,,,,,,,,,,,,,,,,,,,,,,,,
89,1472,,/Users/akshitshishodia/tracker/roboDK /pred/89.png,,,y,,,,,,,,,,,,,,,,,,,,,,,,,,,,,,,,,,,,,,,,
90,1472,,/Users/akshitshishodia/tracker/roboDK /pred/90.png,,,y,,,,,,,,,,,,,,,,,,,,,,,,,,,,,,,,,,,,,,,,
91,1472,,/Users/akshitshishodia/tracker/roboDK /pred/91.png,,,y,,,,,,,,,,,,,,,,,,,,,,,,,,,,,,,,,,,,,,,,
92,1488,,/Users/akshitshishodia/tracker/roboDK /pred/92.png,,,,,y,,,,,,,,,,,,,,,,,,,,,,,,,,,,,,,,,,,,,,
93,1472,,/Users/akshitshishodia/tracker/roboDK /pred/93.png,,,y,,,,,,,,,,,,,,,,,,,,,,,,,,,,,,,,,,,,,,,,
94,1488,,/Users/akshitshishodia/tracker/roboDK /pred/94.png,,,,,y,,,,,,,,,,,,,,,,,,,,,,,,,,,,,,,,,,,,,,
95,1470,,/Users/akshitshishodia/tracker/roboDK /pred/95.png,,,,,,,,,,,y,,,,,,,,,,,,,,,,,,,,,,,,,,,,,,,,
96,1469,,/Users/akshitshishodia/tracker/roboDK /pred/96.png,,,,,,,,,,,y,,,,,,,,,,,,,,,,,,,,,,,,,,,,,,,,
97,1477,,/Users/akshitshishodia/tracker/roboDK /pred/97.png,,,,,,,,,,,,,,,,,,,y,,,,,,,,,,,,,,,,,,,,,,,,
98,1364,,/Users/akshitshishodia/tracker/roboDK /pred/98.png,,,,,,,,,,,,,,,,y,,,,,,,,,,,,,,,,,,,,,,,,,,,
99,1470,,/Users/akshitshishodia/tracker/roboDK /pred/99.png,,,,,,,,,,,,,,y,,,,,,,,,,,,,,,,,,,,,,,,,,,,,
100,1472,,/Users/akshitshishodia/tracker/roboDK /pred/100.png,,,y,,,,,,,,,,,,,,,,,,,,,,,,,,,,,,,,,,,,,,,,
101,1488,,/Users/akshitshishodia/tracker/roboDK /pred/101.png,,,,,y,,,,,,,,,,,,,,,,,,,,,,,,,,,,,,,,,,,,,,
102,1472,,/Users/akshitshishodia/tracker/roboDK /pred/102.png,,,y,,,,,,,,,,,,,,,,,,,,,,,,,,,,,,,,,,,,,,,,
103,1488,,/Users/akshitshishodia/tracker/roboDK /pred/103.png,,,,,y,,,,,,,,,,,,,,,,,,,,,,,,,,,,,,,,,,,,,,
104,1472,,/Users/akshitshishodia/tracker/roboDK /pred/104.png,,,y,,,,,,,,,,,,,,,,,,,,,,,,,,,,,,,,,,,,,,,,
105,1472,,/Users/akshitshishodia/tracker/roboDK /pred/105.png,,,y,,,,,,,,,,,,,,,,,,,,,,,,,,,,,,,,,,,,,,,,
106,1454,,/Users/akshitshishodia/tracker/roboDK /pred/106.png,,,,,,,,,,,,,,,,,,,,y,,,,,,,,,,,,,,,,,,,,,,,
107,1454,,/Users/akshitshishodia/tracker/roboDK /pred/107.png,,,,,,,,,,,,,,,,,,,,y,,,,,,,,,,,,,,,,,,,,,,,
108,1488,,/Users/akshitshishodia/tracker/roboDK /pred/108.png,,,,,y,,,,,,,,,,,,,,,,,,,,,,,,,,,,,,,,,,,,,,
109,1472,,/Users/akshitshishodia/tracker/roboDK /pred/109.png,,,y,,,,,,,,,,,,,,,,,,,,,,,,,,,,,,,,,,,,,,,,
110,1488,,/Users/akshitshishodia/tracker/roboDK /pred/110.png,,,,,y,,,,,,,,,,,,,,,,,,,,,,,,,,,,,,,,,,,,,,
111,1472,,/Users/akshitshishodia/tracker/roboDK /pred/111.png,,,y,,,,,,,,,,,,,,,,,,,,,,,,,,,,,,,,,,,,,,,,
112,1475,,/Users/akshitshishodia/tracker/roboDK /pred/112.png,,,,,,,,,,,,,,,,,,,,,y,,,,,,,,,,,,,,,,,,,,,,
113,1475,,/Users/akshitshishodia/tracker/roboDK /pred/113.png,,,,,,,,,,,,,,,,,,,,,y,,,,,,,,,,,,,,,,,,,,,,
114,1475,,/Users/akshitshishodia/tracker/roboDK /pred/114.png,,,,,,,,,,,,,,,,,,,,,y,,,,,,,,,,,,,,,,,,,,,,
115,1475,,/Users/akshitshishodia/tracker/roboDK /pred/115.png,,,,,,,,,,,,,,,,,,,,,y,,,,,,,,,,,,,,,,,,,,,,
116,1472,,/Users/akshitshishodia/tracker/roboDK /pred/116.png,,,y,,,,,,,,,,,,,,,,,,,,,,,,,,,,,,,,,,,,,,,,
117,1488,,/Users/akshitshishodia/tracker/roboDK /pred/117.png,,,,,y,,,,,,,,,,,,,,,,,,,,,,,,,,,,,,,,,,,,,,
118,1472,,/Users/akshitshishodia/tracker/roboDK /pred/118.png,,,y,,,,,,,,,,,,,,,,,,,,,,,,,,,,,,,,,,,,,,,,
119,1488,,/Users/akshitshishodia/tracker/roboDK /pred/119.png,,,,,y,,,,,,,,,,,,,,,,,,,,,,,,,,,,,,,,,,,,,,
120,1469,,/Users/akshitshishodia/tracker/roboDK /pred/120.png,,,,,,,,,,,,,,,,,,,,,,y,,,,,,,,,,,,,,,,,,,,,
121,1445,,/Users/akshitshishodia/tracker/roboDK /pred/121.png,,,,,,,y,,,,,,,,,,,,,,,,,,,,,,,,,,,,,,,,,,,,
122,1454,,/Users/akshitshishodia/tracker/roboDK /pred/122.png,,,,,,,,,,,,,,,,,,,,y,,,,,,,,,,,,,,,,,,,,,,,
123,1454,,/Users/akshitshishodia/tracker/roboDK /pred/123.png,,,,,,,,,,,,,,,,,,,,y,,,,,,,,,,,,,,,,,,,,,,,
124,1472,,/Users/akshitshishodia/tracker/roboDK /pred/124.png,,,y,,,,,,,,,,,,,,,,,,,,,,,,,,,,,,,,,,,,,,,,
125,1488,,/Users/akshitshishodia/tracker/roboDK /pred/125.png,,,,,y,,,,,,,,,,,,,,,,,,,,,,,,,,,,,,,,,,,,,,
126,1476,,/Users/akshitshishodia/tracker/roboDK /pred/126.png,,,,,,,,,,,,,,,,,,,,,,,y,,,,,,,,,,,,,,,,,,,,
127,1477,,/Users/akshitshishodia/tracker/roboDK /pred/127.png,,,,,,,,,,,,,,,,,,,,,,,,y,,,,,,,,,,,,,,,,,,,
128,1488,,/Users/akshitshishodia/tracker/roboDK /pred/128.png,,,,,y,,,,,,,,,,,,,,,,,,,,,,,,,,,,,,,,,,,,,,
129,1472,,/Users/akshitshishodia/tracker/roboDK /pred/129.png,,,y,,,,,,,,,,,,,,,,,,,,,,,,,,,,,,,,,,,,,,,,
130,1470,,/Users/akshitshishodia/tracker/roboDK /pred/130.png,,,,,,,,,,,,,,,,,,,,,,,,,y,,,,,,,,,,,,,,,,,,
131,1472,,/Users/akshitshishodia/tracker/roboDK /pred/131.png,,,y,,,,,,,,,,,,,,,,,,,,,,,,,,,,,,,,,,,,,,,,
132,1477,,/Users/akshitshishodia/tracker/roboDK /pred/132.png,,,,,,,,,,,,,,,,,,,,,,,,,,y,,,,,,,,,,,,,,,,,
133,1469,,/Users/akshitshishodia/tracker/roboDK /pred/133.png,,,,,,,,,,,y,,,,,,,,,,,,,,,,,,,,,,,,,,,,,,,,
134,1472,,/Users/akshitshishodia/tracker/roboDK /pred/134.png,,,y,,,,,,,,,,,,,,,,,,,,,,,,,,,,,,,,,,,,,,,,
135,1488,,/Users/akshitshishodia/tracker/roboDK /pred/135.png,,,,,y,,,,,,,,,,,,,,,,,,,,,,,,,,,,,,,,,,,,,,
136,1477,,/Users/akshitshishodia/tracker/roboDK /pred/136.png,,,,,,,,,,,,,,,,,,,,,,,,y,,,,,,,,,,,,,,,,,,,
137,1476,,/Users/akshitshishodia/tracker/roboDK /pred/137.png,,,,,,,,,,,,,,,,,,,,,,,y,,,,,,,,,,,,,,,,,,,,
138,1488,,/Users/akshitshishodia/tracker/roboDK /pred/138.png,,,,,y,,,,,,,,,,,,,,,,,,,,,,,,,,,,,,,,,,,,,,
139,1472,,/Users/akshitshishodia/tracker/roboDK /pred/139.png,,,y,,,,,,,,,,,,,,,,,,,,,,,,,,,,,,,,,,,,,,,,
140,1454,,/Users/akshitshishodia/tracker/roboDK /pred/140.png,,,,,,,,,,,,,,,,,,,,y,,,,,,,,,,,,,,,,,,,,,,,
141,1454,,/Users/akshitshishodia/tracker/roboDK /pred/141.png,,,,,,,,,,,,,,,,,,,,y,,,,,,,,,,,,,,,,,,,,,,,
142,1488,,/Users/akshitshishodia/tracker/roboDK /pred/142.png,,,,,y,,,,,,,,,,,,,,,,,,,,,,,,,,,,,,,,,,,,,,
143,1476,,/Users/akshitshishodia/tracker/roboDK /pred/143.png,,,,,,,,,,,,,,,,,,,,,,,y,,,,,,,,,,,,,,,,,,,,
144,1472,,/Users/akshitshishodia/tracker/roboDK /pred/144.png,,,y,,,,,,,,,,,,,,,,,,,,,,,,,,,,,,,,,,,,,,,,
145,1452,,/Users/akshitshishodia/tracker/roboDK /pred/145.png,,,,,,,y,,,,,,,,,,,,,,,,,,,,,,,,,,,,,,,,,,,,
146,1488,,/Users/akshitshishodia/tracker/roboDK /pred/146.png,,,,,y,,,,,,,,,,,,,,,,,,,,,,,,,,,,,,,,,,,,,,
147,1470,,/Users/akshitshishodia/tracker/roboDK /pred/147.png,,,,,,,,,,,,,,,,,,,,,,,,,,,y,,,,,,,,,,,,,,,,
148,1475,,/Users/akshitshishodia/tracker/roboDK /pred/148.png,,,,,,,,,,,,,,,,,,,,,,,,,,,,y,,,,,,,,,,,,,,,
149,1472,,/Users/akshitshishodia/tracker/roboDK /pred/149.png,,,y,,,,,,,,,,,,,,,,,,,,,,,,,,,,,,,,,,,,,,,,
150,1476,,/Users/akshitshishodia/tracker/roboDK /pred/150.png,,,,,,,,,,,,,,,,,,,,,,,,,,,,,y,,,,,,,,,,,,,,
151,1476,,/Users/akshitshishodia/tracker/roboDK /pred/151.png,,,,,,,,,,,,,,,,,,,,,,,,,,,,,,y,,,,,,,,,,,,,
152,1469,,/Users/akshitshishodia/tracker/roboDK /pred/152.png,,,,,,,,,,,y,,,,,,,,,,,,,,,,,,,,,,,,,,,,,,,,
153,1475,,/Users/akshitshishodia/tracker/roboDK /pred/153.png,,,,,,,,,,,,,,,,,,,,,y,,,,,,,,,,,,,,,,,,,,,,
154,1470,,/Users/akshitshishodia/tracker/roboDK /pred/154.png,,,,,,,,,,,,,,,,,,,,,,,,,,,y,,,,,,,,,,,,,,,,
155,1488,,/Users/akshitshishodia/tracker/roboDK /pred/155.png,,,,,y,,,,,,,,,,,,,,,,,,,,,,,,,,,,,,,,,,,,,,
156,1452,,/Users/akshitshishodia/tracker/roboDK /pred/156.png,,,,,,,y,,,,,,,,,,,,,,,,,,,,,,,,,,,,,,,,,,,,
157,1472,,/Users/akshitshishodia/tracker/roboDK /pred/157.png,,,y,,,,,,,,,,,,,,,,,,,,,,,,,,,,,,,,,,,,,,,,
158,1476,,/Users/akshitshishodia/tracker/roboDK /pred/158.png,,,,,,,,,,,,,,,,,,,,,,,y,,,,,,,,,,,,,,,,,,,,
159,1456,,/Users/akshitshishodia/tracker/roboDK /pred/159.png,,,,,,,,,,,,,,,,,,,,,,,,,,,,,,,y,,,,,,,,,,,,
160,1469,,/Users/akshitshishodia/tracker/roboDK /pred/160.png,,,,,,,,,,,,,,,,,,,,,,y,,,,,,,,,,,,,,,,,,,,,
161,1477,,/Users/akshitshishodia/tracker/roboDK /pred/161.png,,,,,,,,,,y,,,,,,,,,,,,,,,,,,,,,,,,,,,,,,,,,
162,1476,,/Users/akshitshishodia/tracker/roboDK /pred/162.png,,,,,,,,,,,,,,,,,,,,,,,y,,,,,,,,,,,,,,,,,,,,
163,1488,,/Users/akshitshishodia/tracker/roboDK /pred/163.png,,,,,y,,,,,,,,,,,,,,,,,,,,,,,,,,,,,,,,,,,,,,
164,1477,,/Users/akshitshishodia/tracker/roboDK /pred/164.png,,,,,,,,,,,,,,,,,,,,,,,,,,,,,,,,y,,,,,,,,,,,
165,1472,,/Users/akshitshishodia/tracker/roboDK /pred/165.png,,,y,,,,,,,,,,,,,,,,,,,,,,,,,,,,,,,,,,,,,,,,
166,1472,,/Users/akshitshishodia/tracker/roboDK /pred/166.png,,,y,,,,,,,,,,,,,,,,,,,,,,,,,,,,,,,,,,,,,,,,
167,1470,,/Users/akshitshishodia/tracker/roboDK /pred/167.png,,,,,,,,,,,y,,,,,,,,,,,,,,,,,,,,,,,,,,,,,,,,
168,1419,,/Users/akshitshishodia/tracker/roboDK /pred/168.png,,,,,,,,,,,,,,,y,,,,,,,,,,,,,,,,,,,,,,,,,,,,
169,1472,,/Users/akshitshishodia/tracker/roboDK /pred/169.png,,,y,,,,,,,,,,,,,,,,,,,,,,,,,,,,,,,,,,,,,,,,
170,1472,,/Users/akshitshishodia/tracker/roboDK /pred/170.png,,,y,,,,,,,,,,,,,,,,,,,,,,,,,,,,,,,,,,,,,,,,
171,1419,,/Users/akshitshishodia/tracker/roboDK /pred/171.png,,,,,,,,,,,,,,,y,,,,,,,,,,,,,,,,,,,,,,,,,,,,
172,1470,,/Users/akshitshishodia/tracker/roboDK /pred/172.png,,,,,,,,,,,y,,,,,,,,,,,,,,,,,,,,,,,,,,,,,,,,
173,1472,,/Users/akshitshishodia/tracker/roboDK /pred/173.png,,,y,,,,,,,,,,,,,,,,,,,,,,,,,,,,,,,,,,,,,,,,
174,1472,,/Users/akshitshishodia/tracker/roboDK /pred/174.png,,,y,,,,,,,,,,,,,,,,,,,,,,,,,,,,,,,,,,,,,,,,
175,1477,,/Users/akshitshishodia/tracker/roboDK /pred/175.png,,,,,,,,,,,,,,,,,,,,,,,,y,,,,,,,,,,,,,,,,,,,
176,1488,,/Users/akshitshishodia/tracker/roboDK /pred/176.png,,,,,y,,,,,,,,,,,,,,,,,,,,,,,,,,,,,,,,,,,,,,
177,1476,,/Users/akshitshishodia/tracker/roboDK /pred/177.png,,,,,,,,,,,,,,,,,,,,,,,y,,,,,,,,,,,,,,,,,,,,
178,1477,,/Users/akshitshishodia/tracker/roboDK /pred/178.png,,,,,,,,,,y,,,,,,,,,,,,,,,,,,,,,,,,,,,,,,,,,
179,1469,,/Users/akshitshishodia/tracker/roboDK /pred/179.png,,,,,,,,,,,,,,,,,,,,,,y,,,,,,,,,,,,,,,,,,,,,
180,1472,,/Users/akshitshishodia/tracker/roboDK /pred/180.png,,,y,,,,,,,,,,,,,,,,,,,,,,,,,,,,,,,,,,,,,,,,
181,1477,,/Users/akshitshishodia/tracker/roboDK /pred/181.png,,,,,,,,,,y,,,,,,,,,,,,,,,,,,,,,,,,,,,,,,,,,
182,1476,,/Users/akshitshishodia/tracker/roboDK /pred/182.png,,,,,,,,,,,,,,,,,,,,,,,y,,,,,,,,,,,,,,,,,,,,
183,1473,,/Users/akshitshishodia/tracker/roboDK /pred/183.png,,,y,,,,,,,,,,,,,,,,,,,,,,,,,,,,,,,,,,,,,,,,
184,1452,,/Users/akshitshishodia/tracker/roboDK /pred/184.png,,,,,,,y,,,,,,,,,,,,,,,,,,,,,,,,,,,,,,,,,,,,
185,1472,,/Users/akshitshishodia/tracker/roboDK /pred/185.png,,,y,,,,,,,,,,,,,,,,,,,,,,,,,,,,,,,,,,,,,,,,
186,1470,,/Users/akshitshishodia/tracker/roboDK /pred/186.png,,,,,,,,,,,,,,,,,,,,,,,,,,,y,,,,,,,,,,,,,,,,
187,1469,,/Users/akshitshishodia/tracker/roboDK /pred/187.png,,,,,,,,,,,y,,,,,,,,,,,,,,,,,,,,,,,,,,,,,,,,
188,1476,,/Users/akshitshishodia/tracker/roboDK /pred/188.png,,,,,,,,,,,,,,,,,,,,,,,,,,,,,,y,,,,,,,,,,,,,
189,1472,,/Users/akshitshishodia/tracker/roboDK /pred/189.png,,,y,,,,,,,,,,,,,,,,,,,,,,,,,,,,,,,,,,,,,,,,
190,1472,,/Users/akshitshishodia/tracker/roboDK /pred/190.png,,,y,,,,,,,,,,,,,,,,,,,,,,,,,,,,,,,,,,,,,,,,
191,1477,,/Users/akshitshishodia/tracker/roboDK /pred/191.png,,,,,,,,,,,,,,,,,,,,,,,,,,,,,,,,,y,,,,,,,,,,
192,1469,,/Users/akshitshishodia/tracker/roboDK /pred/192.png,,,,,,,,,,,y,,,,,,,,,,,,,,,,,,,,,,,,,,,,,,,,
193,1470,,/Users/akshitshishodia/tracker/roboDK /pred/193.png,,,,,,,,,,,,,,,,,,,,,,,,,,,y,,,,,,,,,,,,,,,,
194,1472,,/Users/akshitshishodia/tracker/roboDK /pred/194.png,,,y,,,,,,,,,,,,,,,,,,,,,,,,,,,,,,,,,,,,,,,,
195,1452,,/Users/akshitshishodia/tracker/roboDK /pred/195.png,,,,,,,y,,,,,,,,,,,,,,,,,,,,,,,,,,,,,,,,,,,,
196,1488,,/Users/akshitshishodia/tracker/roboDK /pred/196.png,,,,,y,,,,,,,,,,,,,,,,,,,,,,,,,,,,,,,,,,,,,,
197,1476,,/Users/akshitshishodia/tracker/roboDK /pred/197.png,,,,,,,,,,,,,,,,,,,,,,,y,,,,,,,,,,,,,,,,,,,,
198,1477,,/Users/akshitshishodia/tracker/roboDK /pred/198.png,,,,,,,,,,y,,,,,,,,,,,,,,,,,,,,,,,,,,,,,,,,,
199,1472,,/Users/akshitshishodia/tracker/roboDK /pred/199.png,,,y,,,,,,,,,,,,,,,,,,,,,,,,,,,,,,,,,,,,,,,,
200,1477,,/Users/akshitshishodia/tracker/roboDK /pred/200.png,,,,,,,,,,,,,,,,,,,,,,,,,,,,,,,,,,y,,,,,,,,,
201,1477,,/Users/akshitshishodia/tracker/roboDK /pred/201.png,,,,,,,,,,y,,,,,,,,,,,,,,,,,,,,,,,,,,,,,,,,,
202,1472,,/Users/akshitshishodia/tracker/roboDK /pred/202.png,,,y,,,,,,,,,,,,,,,,,,,,,,,,,,,,,,,,,,,,,,,,
203,1488,,/Users/akshitshishodia/tracker/roboDK /pred/203.png,,,,,y,,,,,,,,,,,,,,,,,,,,,,,,,,,,,,,,,,,,,,
204,1452,,/Users/akshitshishodia/tracker/roboDK /pred/204.png,,,,,,,y,,,,,,,,,,,,,,,,,,,,,,,,,,,,,,,,,,,,
205,1488,,/Users/akshitshishodia/tracker/roboDK /pred/205.png,,,,,y,,,,,,,,,,,,,,,,,,,,,,,,,,,,,,,,,,,,,,
206,1470,,/Users/akshitshishodia/tracker/roboDK /pred/206.png,,,,,,,,,,,y,,,,,,,,,,,,,,,,,,,,,,,,,,,,,,,,
207,1472,,/Users/akshitshishodia/tracker/roboDK /pred/207.png,,,y,,,,,,,,,,,,,,,,,,,,,,,,,,,,,,,,,,,,,,,,
208,1490,,/Users/akshitshishodia/tracker/roboDK /pred/208.png,,,,,,,,,,,,,,,,,,,,,,,,,,,,,,,,,,,y,,,,,,,,
209,1419,,/Users/akshitshishodia/tracker/roboDK /pred/209.png,,,,,,,,,,,,,,,y,,,,,,,,,,,,,,,,,,,,,,,,,,,,
210,1419,,/Users/akshitshishodia/tracker/roboDK /pred/210.png,,,,,,,,,,,,,,,y,,,,,,,,,,,,,,,,,,,,,,,,,,,,
211,1472,,/Users/akshitshishodia/tracker/roboDK /pred/211.png,,,y,,,,,,,,,,,,,,,,,,,,,,,,,,,,,,,,,,,,,,,,
212,1472,,/Users/akshitshishodia/tracker/roboDK /pred/212.png,,,,,,,,,,,,,,,,,,,,,,,,,,,,,,,,,,,,y,,,,,,,
213,1470,,/Users/akshitshishodia/tracker/roboDK /pred/213.png,,,,,,,,,,,y,,,,,,,,,,,,,,,,,,,,,,,,,,,,,,,,
214,1488,,/Users/akshitshishodia/tracker/roboDK /pred/214.png,,,,,y,,,,,,,,,,,,,,,,,,,,,,,,,,,,,,,,,,,,,,
215,1452,,/Users/akshitshishodia/tracker/roboDK /pred/215.png,,,,,,,y,,,,,,,,,,,,,,,,,,,,,,,,,,,,,,,,,,,,
216,1488,,/Users/akshitshishodia/tracker/roboDK /pred/216.png,,,,,y,,,,,,,,,,,,,,,,,,,,,,,,,,,,,,,,,,,,,,
217,1472,,/Users/akshitshishodia/tracker/roboDK /pred/217.png,,,y,,,,,,,,,,,,,,,,,,,,,,,,,,,,,,,,,,,,,,,,
218,1477,,/Users/akshitshishodia/tracker/roboDK /pred/218.png,,,,,,,,,,y,,,,,,,,,,,,,,,,,,,,,,,,,,,,,,,,,
219,1477,,/Users/akshitshishodia/tracker/roboDK /pred/219.png,,,,,,,,,,y,,,,,,,,,,,,,,,,,,,,,,,,,,,,,,,,,
220,1477,,/Users/akshitshishodia/tracker/roboDK /pred/220.png,,,,y,,,,,,,,,,,,,,,,,,,,,,,,,,,,,,,,,,,,,,,
221,1477,,/Users/akshitshishodia/tracker/roboDK /pred/221.png,,,,y,,,,,,,,,,,,,,,,,,,,,,,,,,,,,,,,,,,,,,,
222,1472,,/Users/akshitshishodia/tracker/roboDK /pred/222.png,,,y,,,,,,,,,,,,,,,,,,,,,,,,,,,,,,,,,,,,,,,,
223,1477,,/Users/akshitshishodia/tracker/roboDK /pred/223.png,,,,,,,,,,y,,,,,,,,,,,,,,,,,,,,,,,,,,,,,,,,,
224,1488,,/Users/akshitshishodia/tracker/roboDK /pred/224.png,,,,,y,,,,,,,,,,,,,,,,,,,,,,,,,,,,,,,,,,,,,,
225,1488,,/Users/akshitshishodia/tracker/roboDK /pred/225.png,,,,,y,,,,,,,,,,,,,,,,,,,,,,,,,,,,,,,,,,,,,,
226,1477,,/Users/akshitshishodia/tracker/roboDK /pred/226.png,,,,,,,,,,,,,,,,,,,,,,,,y,,,,,,,,,,,,,,,,,,,
227,1469,,/Users/akshitshishodia/tracker/roboDK /pred/227.png,y,,,,,,,,,,,,,,,,,,,,,,,,,,,,,,,,,,,,,,,,,,
228,1469,,/Users/akshitshishodia/tracker/roboDK /pred/228.png,,,,,,,,,,,,,,,,,,,,,,,,,,,y,,,,,,,,,,,,,,,,
229,1472,,/Users/akshitshishodia/tracker/roboDK /pred/229.png,,,y,,,,,,,,,,,,,,,,,,,,,,,,,,,,,,,,,,,,,,,,
230,1477,,/Users/akshitshishodia/tracker/roboDK /pred/230.png,,,,,,y,,,,,,,,,,,,,,,,,,,,,,,,,,,,,,,,,,,,,
231,1472,,/Users/akshitshishodia/tracker/roboDK /pred/231.png,,,y,,,,,,,,,,,,,,,,,,,,,,,,,,,,,,,,,,,,,,,,
232,1472,,/Users/akshitshishodia/tracker/roboDK /pred/232.png,,,y,,,,,,,,,,,,,,,,,,,,,,,,,,,,,,,,,,,,,,,,
233,1477,,/Users/akshitshishodia/tracker/roboDK /pred/233.png,,,,,,y,,,,,,,,,,,,,,,,,,,,,,,,,,,,,,,,,,,,,
234,1472,,/Users/akshitshishodia/tracker/roboDK /pred/234.png,,,y,,,,,,,,,,,,,,,,,,,,,,,,,,,,,,,,,,,,,,,,
235,1469,,/Users/akshitshishodia/tracker/roboDK /pred/235.png,,,,,,,,,,,,,,,,,,,,,,,,,,,y,,,,,,,,,,,,,,,,
236,1472,,/Users/akshitshishodia/tracker/roboDK /pred/236.png,,,y,,,,,,,,,,,,,,,,,,,,,,,,,,,,,,,,,,,,,,,,
237,1477,,/Users/akshitshishodia/tracker/roboDK /pred/237.png,,,,,,,,,,,,,,,,,,,,,,,,y,,,,,,,,,,,,,,,,,,,
238,1488,,/Users/akshitshishodia/tracker/roboDK /pred/238.png,,,,,y,,,,,,,,,,,,,,,,,,,,,,,,,,,,,,,,,,,,,,
239,1488,,/Users/akshitshishodia/tracker/roboDK /pred/239.png,,,,,y,,,,,,,,,,,,,,,,,,,,,,,,,,,,,,,,,,,,,,
240,1477,,/Users/akshitshishodia/tracker/roboDK /pred/240.png,,,,,,,,,,y,,,,,,,,,,,,,,,,,,,,,,,,,,,,,,,,,
241,1472,,/Users/akshitshishodia/tracker/roboDK /pred/241.png,,,y,,,,,,,,,,,,,,,,,,,,,,,,,,,,,,,,,,,,,,,,
242,1477,,/Users/akshitshishodia/tracker/roboDK /pred/242.png,,,,y,,,,,,,,,,,,,,,,,,,,,,,,,,,,,,,,,,,,,,,
243,1477,,/Users/akshitshishodia/tracker/roboDK /pred/243.png,,,,y,,,,,,,,,,,,,,,,,,,,,,,,,,,,,,,,,,,,,,,
244,1477,,/Users/akshitshishodia/tracker/roboDK /pred/244.png,,,,y,,,,,,,,,,,,,,,,,,,,,,,,,,,,,,,,,,,,,,,
245,1477,,/Users/akshitshishodia/tracker/roboDK /pred/245.png,,,,y,,,,,,,,,,,,,,,,,,,,,,,,,,,,,,,,,,,,,,,
246,1472,,/Users/akshitshishodia/tracker/roboDK /pred/246.png,,,y,,,,,,,,,,,,,,,,,,,,,,,,,,,,,,,,,,,,,,,,
247,1477,,/Users/akshitshishodia/tracker/roboDK /pred/247.png,,,,,,,,,,,,,,,,,,,,,,,,,,,,,,,,,,,,,y,,,,,,
248,1472,,/Users/akshitshishodia/tracker/roboDK /pred/248.png,,,y,,,,,,,,,,,,,,,,,,,,,,,,,,,,,,,,,,,,,,,,
249,1477,,/Users/akshitshishodia/tracker/roboDK /pred/249.png,,,,,,,,,,,,,,,,,,,,,,,,y,,,,,,,,,,,,,,,,,,,
250,1488,,/Users/akshitshishodia/tracker/roboDK /pred/250.png,,,,,y,,,,,,,,,,,,,,,,,,,,,,,,,,,,,,,,,,,,,,
251,1488,,/Users/akshitshishodia/tracker/roboDK /pred/251.png,,,,,y,,,,,,,,,,,,,,,,,,,,,,,,,,,,,,,,,,,,,,
252,1469,,/Users/akshitshishodia/tracker/roboDK /pred/252.png,,,,,,,,,,,,,,,,,,,,,,,,,,,y,,,,,,,,,,,,,,,,
253,1488,,/Users/akshitshishodia/tracker/roboDK /pred/253.png,,,,,y,,,,,,,,,,,,,,,,,,,,,,,,,,,,,,,,,,,,,,
254,1472,,/Users/akshitshishodia/tracker/roboDK /pred/254.png,,,y,,,,,,,,,,,,,,,,,,,,,,,,,,,,,,,,,,,,,,,,
255,1472,,/Users/akshitshishodia/tracker/roboDK /pred/255.png,,,y,,,,,,,,,,,,,,,,,,,,,,,,,,,,,,,,,,,,,,,,
256,1477,,/Users/akshitshishodia/tracker/roboDK /pred/256.png,,,,,,y,,,,,,,,,,,,,,,,,,,,,,,,,,,,,,,,,,,,,
257,1477,,/Users/akshitshishodia/tracker/roboDK /pred/257.png,,,,,,y,,,,,,,,,,,,,,,,,,,,,,,,,,,,,,,,,,,,,
258,1472,,/Users/akshitshishodia/tracker/roboDK /pred/258.png,,,y,,,,,,,,,,,,,,,,,,,,,,,,,,,,,,,,,,,,,,,,
259,1488,,/Users/akshitshishodia/tracker/roboDK /pred/259.png,,,,,y,,,,,,,,,,,,,,,,,,,,,,,,,,,,,,,,,,,,,,
260,1472,,/Users/akshitshishodia/tracker/roboDK /pred/260.png,,,y,,,,,,,,,,,,,,,,,,,,,,,,,,,,,,,,,,,,,,,,
261,1469,,/Users/akshitshishodia/tracker/roboDK /pred/261.png,,,,,,,,,,,,,,,,,,,,,,,,,,,y,,,,,,,,,,,,,,,,
262,1488,,/Users/akshitshishodia/tracker/roboDK /pred/262.png,,,,,y,,,,,,,,,,,,,,,,,,,,,,,,,,,,,,,,,,,,,,
263,1488,,/Users/akshitshishodia/tracker/roboDK /pred/263.png,,,,,y,,,,,,,,,,,,,,,,,,,,,,,,,,,,,,,,,,,,,,
264,1477,,/Users/akshitshishodia/tracker/roboDK /pred/264.png,,,,,,,,,,,,,,,,,,,,,,,,y,,,,,,,,,,,,,,,,,,,
265,1472,,/Users/akshitshishodia/tracker/roboDK /pred/265.png,,,y,,,,,,,,,,,,,,,,,,,,,,,,,,,,,,,,,,,,,,,,
266,1477,,/Users/akshitshishodia/tracker/roboDK /pred/266.png,,,,,,,,,,y,,,,,,,,,,,,,,,,,,,,,,,,,,,,,,,,,
267,1477,,/Users/akshitshishodia/tracker/roboDK /pred/267.png,,,,y,,,,,,,,,,,,,,,,,,,,,,,,,,,,,,,,,,,,,,,
268,1472,,/Users/akshitshishodia/tracker/roboDK /pred/268.png,,,y,,,,,,,,,,,,,,,,,,,,,,,,,,,,,,,,,,,,,,,,
269,1469,,/Users/akshitshishodia/tracker/roboDK /pred/269.png,,,,,,,,,,,,,,,,,,,,,,,,,,,,,,,,,,,,,,y,,,,,
270,1477,,/Users/akshitshishodia/tracker/roboDK /pred/270.png,,,,,,,,,,y,,,,,,,,,,,,,,,,,,,,,,,,,,,,,,,,,
271,1472,,/Users/akshitshishodia/tracker/roboDK /pred/271.png,,,y,,,,,,,,,,,,,,,,,,,,,,,,,,,,,,,,,,,,,,,,
272,1469,,/Users/akshitshishodia/tracker/roboDK /pred/272.png,,y,,,,,,,,,,,,,,,,,,,,,,,,,,,,,,,,,,,,,,,,,
273,1469,,/Users/akshitshishodia/tracker/roboDK /pred/273.png,,,,,,,,,,,,,,,,,,,,,,,,,,,y,,,,,,,,,,,,,,,,
274,1477,,/Users/akshitshishodia/tracker/roboDK /pred/274.png,,,,y,,,,,,,,,,,,,,,,,,,,,,,,,,,,,,,,,,,,,,,
275,1477,,/Users/akshitshishodia/tracker/roboDK /pred/275.png,,,,y,,,,,,,,,,,,,,,,,,,,,,,,,,,,,,,,,,,,,,,
276,1469,,/Users/akshitshishodia/tracker/roboDK /pred/276.png,,,,,,,,,,,,,,,,,,,,,,,,,,,y,,,,,,,,,,,,,,,,
277,1469,,/Users/akshitshishodia/tracker/roboDK /pred/277.png,y,,,,,,,,,,,,,,,,,,,,,,,,,,,,,,,,,,,,,,,,,,
278,1477,,/Users/akshitshishodia/tracker/roboDK /pred/278.png,,,,,,,,,,,,,,,,,,,,,,,,y,,,,,,,,,,,,,,,,,,,
279,1488,,/Users/akshitshishodia/tracker/roboDK /pred/279.png,,,,,y,,,,,,,,,,,,,,,,,,,,,,,,,,,,,,,,,,,,,,
280,1452,,/Users/akshitshishodia/tracker/roboDK /pred/280.png,,,,,,,y,,,,,,,,,,,,,,,,,,,,,,,,,,,,,,,,,,,,
281,1472,,/Users/akshitshishodia/tracker/roboDK /pred/281.png,,,y,,,,,,,,,,,,,,,,,,,,,,,,,,,,,,,,,,,,,,,,
282,1477,,/Users/akshitshishodia/tracker/roboDK /pred/282.png,,,,,,,,,,,,,,,,,,,,,,,,,,,,,,,,,,,,,,,y,,,,
283,1476,,/Users/akshitshishodia/tracker/roboDK /pred/283.png,,,,,,,,,,,,,,,,,,,,,,,,,,,,,,,,,,,,,,,,y,,,
284,1472,,/Users/akshitshishodia/tracker/roboDK /pred/284.png,,,y,,,,,,,,,,,,,,,,,,,,,,,,,,,,,,,,,,,,,,,,
285,1488,,/Users/akshitshishodia/tracker/roboDK /pred/285.png,,,,,y,,,,,,,,,,,,,,,,,,,,,,,,,,,,,,,,,,,,,,
286,1452,,/Users/akshitshishodia/tracker/roboDK /pred/286.png,,,,,,,y,,,,,,,,,,,,,,,,,,,,,,,,,,,,,,,,,,,,
287,1477,,/Users/akshitshishodia/tracker/roboDK /pred/287.png,,,,,,,,,,,,,,,,,,,,,,,,,,,,,,,,,,,,,,,,,y,,
288,1469,,/Users/akshitshishodia/tracker/roboDK /pred/288.png,y,,,,,,,,,,,,,,,,,,,,,,,,,,,,,,,,,,,,,,,,,,
289,1477,,/Users/akshitshishodia/tracker/roboDK /pred/289.png,,,,y,,,,,,,,,,,,,,,,,,,,,,,,,,,,,,,,,,,,,,,
290,1469,,/Users/akshitshishodia/tracker/roboDK /pred/290.png,y,,,,,,,,,,,,,,,,,,,,,,,,,,,,,,,,,,,,,,,,,,
291,1477,,/Users/akshitshishodia/tracker/roboDK /pred/291.png,,,,y,,,,,,,,,,,,,,,,,,,,,,,,,,,,,,,,,,,,,,,
292,1469,,/Users/akshitshishodia/tracker/roboDK /pred/292.png,,y,,,,,,,,,,,,,,,,,,,,,,,,,,,,,,,,,,,,,,,,,
293,1470,,/Users/akshitshishodia/tracker/roboDK /pred/293.png,,,,,,,,,,,,,,,,,,,,,,,,,,,,,,,,,,,,,,,,,,y,
294,1472,,/Users/akshitshishodia/tracker/roboDK /pred/294.png,,,y,,,,,,,,,,,,,,,,,,,,,,,,,,,,,,,,,,,,,,,,
295,1477,,/Users/akshitshishodia/tracker/roboDK /pred/295.png,,,,,,,,,,y,,,,,,,,,,,,,,,,,,,,,,,,,,,,,,,,,
296,1472,,/Users/akshitshishodia/tracker/roboDK /pred/296.png,,,y,,,,,,,,,,,,,,,,,,,,,,,,,,,,,,,,,,,,,,,,
297,1477,,/Users/akshitshishodia/tracker/roboDK /pred/297.png,,,,,,,,,,y,,,,,,,,,,,,,,,,,,,,,,,,,,,,,,,,,
298,1469,,/Users/akshitshishodia/tracker/roboDK /pred/298.png,,y,,,,,,,,,,,,,,,,,,,,,,,,,,,,,,,,,,,,,,,,,
299,1469,,/Users/akshitshishodia/tracker/roboDK /pred/299.png,,y,,,,,,,,,,,,,,,,,,,,,,,,,,,,,,,,,,,,,,,,,
300,1469,,/Users/akshitshishodia/tracker/roboDK /pred/300.png,y,,,,,,,,,,,,,,,,,,,,,,,,,,,,,,,,,,,,,,,,,,
301,1469,,/Users/akshitshishodia/tracker/roboDK /pred/301.png,,,,,,,,,,,,,,,,,,,,,,,,,,,y,,,,,,,,,,,,,,,,
302,1452,,/Users/akshitshishodia/tracker/roboDK /pred/302.png,,,,,,,y,,,,,,,,,,,,,,,,,,,,,,,,,,,,,,,,,,,,
303,1488,,/Users/akshitshishodia/tracker/roboDK /pred/303.png,,,,,y,,,,,,,,,,,,,,,,,,,,,,,,,,,,,,,,,,,,,,
304,1452,,/Users/akshitshishodia/tracker/roboDK /pred/304.png,,,,,,,y,,,,,,,,,,,,,,,,,,,,,,,,,,,,,,,,,,,,
305,1477,,/Users/akshitshishodia/tracker/roboDK /pred/305.png,,,,,,,,,,,,,,,,,,,,,,,,,,,,,,,,,,,,,,,,,,,y
306,1478,,/Users/akshitshishodia/tracker/roboDK /pred/306.png,,,,,,,,,,,,,,,,,,,,,y,,,,,,,,,,,,,,,,,,,,,,
307,1477,,/Users/akshitshishodia/tracker/roboDK /pred/307.png,,,,,,y,,,,,,,,,,,,,,,,,,,,,,,,,,,,,,,,,,,,,
308,1477,,/Users/akshitshishodia/tracker/roboDK /pred/308.png,,,,,,y,,,,,,,,,,,,,,,,,,,,,,,,,,,,,,,,,,,,,
309,1472,,/Users/akshitshishodia/tracker/roboDK /pred/309.png,,,y,,,,,,,,,,,,,,,,,,,,,,,,,,,,,,,,,,,,,,,,
310,1476,,/Users/akshitshishodia/tracker/roboDK /pred/310.png,,,,,,,,,,,,,,,,,,,,,,,,,,,,,,,,,,,,,,,,y,,,
311,1452,,/Users/akshitshishodia/tracker/roboDK /pred/311.png,,,,,,,y,,,,,,,,,,,,,,,,,,,,,,,,,,,,,,,,,,,,
312,1452,,/Users/akshitshishodia/tracker/roboDK /pred/312.png,,,,,,,y,,,,,,,,,,,,,,,,,,,,,,,,,,,,,,,,,,,,
313,1488,,/Users/akshitshishodia/tracker/roboDK /pred/313.png,,,,,y,,,,,,,,,,,,,,,,,,,,,,,,,,,,,,,,,,,,,,
314,1469,,/Users/akshitshishodia/tracker/roboDK /pred/314.png,,,,,,,,,,,,,,,,,,,,,,,,,,,y,,,,,,,,,,,,,,,,
315,1469,,/Users/akshitshishodia/tracker/roboDK /pred/315.png,y,,,,,,,,,,,,,,,,,,,,,,,,,,,,,,,,,,,,,,,,,,
316,1469,,/Users/akshitshishodia/tracker/roboDK /pred/316.png,,y,,,,,,,,,,,,,,,,,,,,,,,,,,,,,,,,,,,,,,,,,
317,1469,,/Users/akshitshishodia/tracker/roboDK /pred/317.png,,y,,,,,,,,,,,,,,,,,,,,,,,,,,,,,,,,,,,,,,,,,
318,1477,,/Users/akshitshishodia/tracker/roboDK /pred/318.png,,,,,,,,,,y,,,,,,,,,,,,,,,,,,,,,,,,,,,,,,,,,
319,1472,,/Users/akshitshishodia/tracker/roboDK /pred/319.png,,,y,,,,,,,,,,,,,,,,,,,,,,,,,,,,,,,,,,,,,,,,
